{
  "r_set": {
    "precision": 0.8877005347593583,
    "recall": 0.8645833333333334,
    "f1-score": 0.8759894459102903,
    "support": 192.0
  },
  "r_spike": {
    "precision": 0.9352941176470588,
    "recall": 0.9190751445086706,
    "f1-score": 0.9271137026239067,
    "support": 173.0
  },
  "r_pass": {
    "precision": 0.8807339449541285,
    "recall": 0.9142857142857143,
    "f1-score": 0.897196261682243,
    "support": 210.0
  },
  "r_winpoint": {
    "precision": 0.9375,
    "recall": 0.8620689655172413,
    "f1-score": 0.8982035928143712,
    "support": 87.0
  },
  "l_set": {
    "precision": 0.9341317365269461,
    "recall": 0.9285714285714286,
    "f1-score": 0.9313432835820895,
    "support": 168.0
  },
  "l_spike": {
    "precision": 0.9086021505376344,
    "recall": 0.9441340782122905,
    "f1-score": 0.9260273972602739,
    "support": 179.0
  },
  "l_pass": {
    "precision": 0.9126637554585153,
    "recall": 0.9247787610619469,
    "f1-score": 0.9186813186813186,
    "support": 226.0
  },
  "l_winpoint": {
    "precision": 0.92,
    "recall": 0.9019607843137255,
    "f1-score": 0.9108910891089109,
    "support": 102.0
  },
  "accuracy": 0.9109947643979057,
  "macro avg": {
    "precision": 0.9145782799854552,
    "recall": 0.9074322762255439,
    "f1-score": 0.9106807614579255,
    "support": 1337.0
  },
  "weighted avg": {
    "precision": 0.9113215698455445,
    "recall": 0.9109947643979057,
    "f1-score": 0.9109147468655945,
    "support": 1337.0
  }
}