{
  "top1": 0.9109947643979057,
  "top2": 0.9685863874345549,
  "top3": 0.9857890800299177
}